rank,sample_id,voting_score,stacking_score,pred,label,temporal::FLOW_DURATION_MILLISECONDS,temporal::DURATION_IN,temporal::DURATION_OUT,temporal::SRC_TO_DST_IAT_MIN,temporal::SRC_TO_DST_IAT_MAX,static::L4_SRC_PORT,static::L4_DST_PORT,static::PROTOCOL
1,17214,0.9187657393626313,0.9950941143641796,1,1,0.0007861180347390473,1.6549853171454743e-05,0.000248295022174716,0.0,0.003611550200730562,0.2405889928340912,0.00032052749884314835,0.038167938590049744
2,6274,0.8735157856300696,0.993767404864659,1,1,0.0005295953014865518,0.0,0.0,0.0,0.002986474195495248,0.1899900883436203,0.00032052749884314835,0.038167938590049744
3,7266,0.8681847472689044,0.9849705733650144,1,1,1.0000662803649902,1.0000662803649902,0.9989157319068909,0.0,0.014064209535717964,0.5893644690513611,0.008364241570234299,0.038167938590049744
4,365,0.8562559275150625,0.9889220363117952,1,1,0.4408053457736969,0.4408053457736969,0.0,0.0,0.9249387979507446,0.7428091764450073,0.007936871610581875,0.1221374049782753
5,4391,0.8555163572083658,0.9929504238422143,1,1,0.005486276466399431,0.001580510986968875,0.005015559494495392,0.0,0.004028267227113247,0.8333409428596497,0.00032052749884314835,0.038167938590049744
6,18360,0.8526989435082052,0.9929121710712081,1,1,0.0017460094531998038,0.0012991634430363774,0.000935244606807828,0.0,0.004028267227113247,0.4565957188606262,0.00032052749884314835,0.038167938590049744
7,17122,0.8520473807396508,0.9888173932164883,1,1,0.1851763129234314,0.1834220290184021,0.18276996910572052,0.0,0.3209938704967499,0.8852216601371765,0.00032052749884314835,0.038167938590049744
8,17210,0.8517575043889953,0.9889400266693853,1,1,0.37168487906455994,0.37168487906455994,0.0,0.0,0.7799038290977478,0.6386969089508057,0.007936871610581875,0.1221374049782753
9,6335,0.8503215862472022,0.9884521933372079,1,1,0.1810140162706375,0.17912733554840088,0.17860688269138336,0.0,0.3209938704967499,0.8852216601371765,0.00032052749884314835,0.038167938590049744
10,3083,0.8378499130616254,0.9876925228186562,1,1,1.0004055500030518,1.0004055500030518,0.9996688961982727,0.0,0.017762575298547745,0.502143919467926,0.008364241570234299,0.038167938590049744
11,16668,0.8344678198953339,0.9909304872126367,1,1,0.001704634865745902,0.001365362899377942,0.001299410592764616,0.0,0.002135676331818104,0.7073624730110168,0.00032052749884314835,0.038167938590049744
12,2294,0.834210598865363,0.9906049599055408,1,1,0.0016715351957827806,0.0,0.0,0.0,0.010799923911690712,0.808499276638031,0.00032052749884314835,0.038167938590049744
13,5293,0.8315316961721348,0.9886826021074404,1,1,0.2884722054004669,0.28609731793403625,0.2862427830696106,0.0,0.5133089423179626,0.9944152235984802,0.00032052749884314835,0.038167938590049744
14,5234,0.8311713248936098,0.9917710455961862,1,1,0.007828080095350742,0.0063882432878017426,0.006902601569890976,0.0,0.004236625973135233,0.9641565680503845,0.002060533966869116,0.038167938590049744
15,9663,0.8237455720672667,0.9906780929400364,1,1,0.0007447433890774846,0.0,0.0,0.0,0.011668085120618343,0.7463187575340271,0.00032052749884314835,0.038167938590049744
16,8749,0.8181349309424448,0.9895820325198545,1,1,0.00538697699084878,0.00538697699084878,0.004593458026647568,0.0,0.005747226532548666,0.061295490711927414,0.9984279274940491,0.038167938590049744
17,11102,0.8134709394245005,0.9901109324411257,1,1,0.008217002265155315,0.00797702930867672,0.007622657343745232,0.0,0.004757522605359554,0.5768368244171143,0.006792130414396524,0.038167938590049744
18,18934,0.813443015220724,0.9889807607405354,1,1,0.10948555171489716,0.10948555171489716,0.10865390300750732,0.0,0.12525828182697296,0.9084611535072327,0.0012210571439936757,0.038167938590049744
19,9397,0.8132287557827588,0.9911847355772334,1,1,0.0,0.0,0.0,0.0,0.0,0.696757435798645,0.07723186910152435,0.1221374049782753
20,593,0.8116936768168834,0.9898579880394577,1,1,0.008970020338892937,0.008970020338892937,0.00795371737331152,0.0,0.0075530014000833035,0.773189902305603,0.006792130414396524,0.038167938590049744
21,8574,0.8115144950929892,0.9923173232893032,1,1,0.0,0.0,0.0,0.0,0.0,0.5651941895484924,0.007845292799174786,0.1221374049782753
22,6000,0.8111831086340235,0.9899214058878312,1,1,0.0075550079345703125,0.007546733133494854,0.00662120059132576,0.0,0.006077127531170845,0.016815442591905594,0.12332677096128464,0.038167938590049744
23,1359,0.8110753542451716,0.9903343047279008,1,1,0.014224599115550518,0.014224599115550518,0.01400383934378624,0.0,0.013960029929876328,0.8051728010177612,0.1387426257133484,0.038167938590049744
24,14735,0.8094752754295098,0.9904251683517801,1,1,0.0,0.0,0.0,0.0,0.0,0.9694514274597168,0.07723186910152435,0.1221374049782753
25,3257,0.8094694883520923,0.9904007318999651,1,1,0.0036161430180072784,0.0033430703915655613,0.0032609414774924517,0.0,0.002986474195495248,0.1105058342218399,0.07631607353687286,0.038167938590049744
26,119,0.809041089698005,0.989358473704767,1,1,0.01440664753317833,0.01440664753317833,0.013730715028941631,0.0,0.012432066723704338,0.5609979629516602,0.006792130414396524,0.038167938590049744
27,15399,0.8089222932484612,0.9901202683149098,1,1,0.014737644232809544,0.014737644232809544,0.01403694599866867,0.0,0.005851405672729015,0.4753795564174652,0.0003815803793258965,0.038167938590049744
28,688,0.808293207228851,0.9893519689702706,1,1,0.11584897339344025,0.11584897339344025,0.11515095829963684,0.0,0.23084403574466705,0.13159380853176117,0.0012210571439936757,0.038167938590049744
29,14796,0.807491637695612,0.9884510507218887,1,1,0.004824282135814428,0.0033182455226778984,0.003145070280879736,0.0,0.010799923911690712,0.808499276638031,0.00032052749884314835,0.038167938590049744
30,9183,0.807392849253296,0.989374528788322,1,1,0.014605245552957058,0.014605245552957058,0.013896245509386063,0.0,0.014880280941724777,0.9390249252319336,0.006792130414396524,0.038167938590049744
31,12536,0.8072314150100177,0.9946345145336287,1,1,0.0,0.0,0.0,0.0,0.0,0.4455329179763794,0.001053161802701652,0.1221374049782753
32,1740,0.8063752099649182,0.9903863192425527,1,1,0.004410536028444767,0.004071264062076807,0.0034844069741666317,0.0,0.003229559166356921,0.028229190036654472,0.7070073485374451,0.038167938590049744
33,6341,0.805587919434229,0.9892540767003204,1,1,0.031328871846199036,0.031328871846199036,0.030805137008428574,0.0,0.007153647486120462,0.765270471572876,0.0012210571439936757,0.038167938590049744
34,15792,0.8055757290280577,0.9894856396520603,1,1,0.008043228648602962,0.0075136334635317326,0.007457127328962088,0.0,0.005521504674106836,0.04112306237220764,0.006792130414396524,0.038167938590049744
35,9990,0.8052047882506604,0.9916906048804864,1,1,0.0009019669960252941,0.0009019669960252941,0.0,0.0,0.00177104864269495,0.30588236451148987,0.0012210571439936757,0.038167938590049744
36,18276,0.8051203015266929,0.989216825124602,1,1,0.01291716005653143,0.01291716005653143,0.011694695800542831,0.0,0.01145972590893507,0.6421606540679932,0.0012210571439936757,0.038167938590049744
37,8687,0.8051083268278014,0.9893488498301427,1,1,0.01204001810401678,0.011833145283162594,0.011032575741410255,0.0,0.016668692231178284,0.1747615784406662,0.006792130414396524,0.038167938590049744
38,13540,0.8045945712558513,0.9892072455314912,1,1,0.019297128543257713,0.01928885467350483,0.018440043553709984,0.0,0.030350910499691963,0.5080491304397583,0.0012210571439936757,0.038167938590049744
39,3969,0.8044973025348955,0.991453715518025,1,1,0.27588605880737305,0.27587777376174927,0.27584749460220337,0.0,0.005174240097403526,0.8035706281661987,0.0003815803793258965,0.038167938590049744
40,2826,0.8041582512448997,0.9895216984410805,1,1,0.00477463286370039,0.004584309179335833,0.004510692786425352,0.0,0.002309308387339115,0.5135270953178406,0.0012210571439936757,0.038167938590049744
41,17486,0.8039726167915547,0.9901739306293169,1,1,0.0005378702189773321,0.0,0.0,0.0,0.009775493294000626,0.963317334651947,0.00032052749884314835,0.038167938590049744
42,9227,0.8038303540713323,0.9902337045357605,1,1,0.0005875197821296751,0.0,0.0,0.0,0.009515045210719109,0.3345540463924408,0.00032052749884314835,0.038167938590049744
43,18630,0.8038113677401596,0.9894605970819831,1,1,0.007588107604533434,0.007588107604533434,0.007026749197393656,0.0,0.008889969438314438,0.6137788891792297,0.006792130414396524,0.038167938590049744
44,1378,0.8035393521856906,0.9896220772920564,1,1,0.03310798108577728,0.03288455680012703,0.0322866290807724,0.0,0.05094369128346443,0.6115663647651672,0.0027321153320372105,0.038167938590049744
45,2264,0.8034814339297921,0.9894543938234971,1,1,0.03862735629081726,0.03803156316280365,0.03799741715192795,0.0,0.058357786387205124,0.993209719657898,0.0027321153320372105,0.038167938590049744
46,2088,0.8034554825567487,0.9899347301620238,1,1,0.008208727464079857,0.007770156022161245,0.0071260672993958,0.0,0.006094490643590689,0.8816815614700317,0.0027321153320372105,0.038167938590049744
47,17715,0.8032468890964625,0.9902642084986136,1,1,0.0013239881955087185,0.0,0.0,0.0,0.02599274180829525,0.20096132159233093,0.00032052749884314835,0.038167938590049744
48,16373,0.8031688872168758,0.9894627572758804,1,1,0.013570879586040974,0.01332263182848692,0.012944447807967663,0.0,0.01015748456120491,0.252658873796463,0.0027321153320372105,0.038167938590049744
49,10495,0.8030143177326474,0.9888898605949485,1,1,0.018568934872746468,0.018568934872746468,0.017388928681612015,0.0,0.025332940742373466,0.2699931263923645,0.0012210571439936757,0.038167938590049744
50,7071,0.8028862298423988,0.990186483828091,1,1,0.0006454442627727985,0.0,0.0,0.0,0.00816071406006813,0.8400854468345642,0.00032052749884314835,0.038167938590049744
51,18261,0.8028423969369771,0.9893642181767077,1,1,0.0069012888707220554,0.006404793355613947,0.0062818643637001514,0.0,0.009219870902597904,0.3950560688972473,0.0016942168585956097,0.038167938590049744
52,8714,0.8027344681876112,0.9901827908109618,1,1,0.0010012660641223192,0.0,0.0,0.0,0.008334346115589142,0.9990386962890625,0.00032052749884314835,0.038167938590049744
53,8847,0.8027268638391708,0.9916989747938526,1,1,0.0,0.0,0.0,0.0,0.0,0.9465781450271606,0.007845292799174786,0.1221374049782753
54,2532,0.8022862846281746,0.9902332512420382,1,1,0.0006288944277912378,0.0,0.0,0.0,0.007396732456982136,0.4414740204811096,0.00032052749884314835,0.038167938590049744
55,17497,0.8022006277297828,0.9916726015530823,1,1,0.0,0.0,0.0,0.0,0.0,0.9715419411659241,0.007845292799174786,0.1221374049782753
56,9344,0.8020804298471715,0.9893815881352086,1,1,0.0064296177588403225,0.0064130681566894054,0.005776997655630112,0.0,0.005000608041882515,0.731395423412323,0.006792130414396524,0.038167938590049744
57,3931,0.8014823871989601,0.9891395043477312,1,1,0.008432149887084961,0.008432149887084961,0.007788187358528376,0.0,0.007709270343184471,0.7280384302139282,0.0012210571439936757,0.038167938590049744
58,602,0.8014734838444878,0.9918375866958212,1,1,0.0,0.0,0.0,0.0,0.0,0.027573052793741226,0.007845292799174786,0.1221374049782753
59,14428,0.8012649356873874,0.990222028341077,1,1,0.0003723716945387423,0.0,0.0,0.0,0.007466185372322798,0.5849546194076538,0.00032052749884314835,0.038167938590049744
60,19944,0.8011165913939935,0.9894672054500504,1,1,0.007348134648054838,0.007348134648054838,0.007010196335613728,0.0,0.010886739939451218,0.9549553394317627,0.0012210571439936757,0.038167938590049744
61,13343,0.8011112223907527,0.9893851276194698,1,1,0.021523084491491318,0.021523084491491318,0.020368468016386032,0.0,0.02601010538637638,0.5938353538513184,0.0016942168585956097,0.038167938590049744
62,7116,0.8008078276185439,0.9895516337370166,1,1,0.0,0.0,0.0,0.0,0.0,0.19438467919826508,0.0016942168585956097,0.1221374049782753
63,15508,0.8008021156288768,0.9902738851665189,1,1,0.0005792448646388948,0.0,0.0,0.0,0.004132446832954884,0.23514153063297272,0.00032052749884314835,0.038167938590049744
64,8586,0.8007159344434961,0.9894156453259756,1,1,0.01516794040799141,0.014803843572735786,0.014392835088074207,0.0,0.02524612471461296,0.9792630076408386,0.0027321153320372105,0.038167938590049744
65,9182,0.8007043017380273,0.9895778608830874,1,1,0.006007596850395203,0.006007596850395203,0.005090048070997,0.0,0.005868768785148859,0.3345387876033783,0.04578964412212372,0.038167938590049744
66,10893,0.8003659108234266,0.990200540891854,1,1,0.0006702690734528005,0.0,0.0,0.0,0.003906724974513054,0.9956969618797302,0.00032052749884314835,0.038167938590049744
67,11095,0.8002928936330309,0.9889965520909776,1,1,0.006801989860832691,0.006801989860832691,0.006199099123477936,0.0,0.0072751897387206554,0.9682154655456543,0.0012210571439936757,0.038167938590049744
68,8452,0.8002805675698111,0.9892438388666922,1,1,0.006015871651470661,0.006015871651470661,0.005462490487843752,0.0,0.006823746021836996,0.6346532106399536,0.0012210571439936757,0.038167938590049744
69,12303,0.8002595832543586,0.9899758307050718,1,1,0.003144472138956189,0.003136197105050087,0.00251605617813766,0.0,0.0016842324985191226,0.9350423216819763,0.0012210571439936757,0.038167938590049744
70,15435,0.8002195224833133,0.989998598050446,1,1,0.005014605354517698,0.00500633055344224,0.004154803231358528,0.0,0.003385828109458089,0.7269550561904907,0.0027321153320372105,0.038167938590049744
71,18709,0.8001472428171545,0.9891364867846043,1,1,0.00670269038528204,0.00670269038528204,0.00605012197047472,0.0,0.007101557683199644,0.5185931324958801,0.0012210571439936757,0.038167938590049744
72,17403,0.8000669123182715,0.9870279806180255,1,1,0.009681664407253265,0.009160343557596207,0.008516519330441952,0.0,0.011633358895778656,0.2544289231300354,0.00032052749884314835,0.038167938590049744
73,14072,0.7999508515170758,0.9915587752737491,1,1,0.0,0.0,0.0,0.0,0.0,0.11003280431032181,0.007845292799174786,0.1221374049782753
74,13915,0.7999109106276296,0.9898531137622485,1,1,0.0006702690734528005,0.0,0.0,0.0,0.005087424069643021,0.06063935160636902,0.00032052749884314835,0.038167938590049744
75,2757,0.7998920383293238,0.9900175432434103,1,1,0.006669590715318918,0.006421342957764864,0.005884591955691576,0.0,0.003906724974513054,0.44850844144821167,0.0027321153320372105,0.038167938590049744
76,16321,0.7998395294889492,0.9890725459376989,1,1,0.006396518088877201,0.006396518088877201,0.00560319097712636,0.0,0.006858472712337971,0.37261006236076355,0.0012210571439936757,0.038167938590049744
77,12389,0.79979160005403,0.9903374379352675,1,1,0.0002482477866578847,0.0,0.0,0.0,0.0020488600712269545,0.04086365923285484,0.00032052749884314835,0.038167938590049744
78,14486,0.7997659612022882,0.9891366398226239,1,1,0.007058512419462204,0.007033687550574541,0.006248758174479008,0.0,0.004792249295860529,0.13995574414730072,0.0012210571439936757,0.038167938590049744
79,6812,0.7997334888621749,0.9902331291181415,1,1,0.0006040696171112359,0.0,0.0,0.0,0.0032121960539370775,0.5861600637435913,0.00032052749884314835,0.038167938590049744
80,19561,0.7996554461943765,0.9894331916537895,1,1,0.0,0.0,0.0,0.0,0.0,0.0159151591360569,0.0008089503971859813,0.1221374049782753
81,12497,0.79965431148958,0.9894331434378331,1,1,0.0,0.0,0.0,0.0,0.0,0.0159151591360569,0.0008089503971859813,0.1221374049782753
82,4239,0.7996338864844015,0.9894222527308815,1,1,0.012999909929931164,0.012619263492524624,0.011942991055548191,0.0,0.015817895531654358,0.9498588442802429,0.0027321153320372105,0.038167938590049744
83,5160,0.7996260507602189,0.9894010628743111,1,1,0.03567320853471756,0.03567320853471756,0.034471627324819565,0.0,0.05186394229531288,0.9886472821235657,0.0027321153320372105,0.038167938590049744
84,77,0.7995771995657586,0.989050995426752,1,1,0.007372959516942501,0.007372959516942501,0.00662120059132576,0.0,0.0077613601461052895,0.3690394461154938,0.0012210571439936757,0.038167938590049744
85,18290,0.7995642483679216,0.9899496172102836,1,1,0.010211259126663208,0.010078860446810722,0.00928623415529728,0.0,0.004462347831577063,0.7252002954483032,0.0027321153320372105,0.038167938590049744
86,10014,0.7993821339375937,0.9902308035621126,1,1,0.03688962385058403,0.027398282662034035,0.03275839239358902,0.0,0.036688487976789474,0.2986038029193878,0.6609582304954529,0.038167938590049744
87,10462,0.7993460186381344,0.9902698992940677,1,1,0.0004385711217764765,0.0,0.0,0.0,0.003333738539367914,0.31346607208251953,0.00032052749884314835,0.038167938590049744
88,4766,0.7993376956380778,0.99152759734334,1,1,0.0,0.0,0.0,0.0,0.0,0.36012816429138184,0.007845292799174786,0.1221374049782753
89,14235,0.7993313441914853,0.9894531322789492,1,1,0.015449288301169872,0.0150603661313653,0.01474044844508171,0.0,0.01767575927078724,0.5848020315170288,0.0012210571439936757,0.038167938590049744
90,17409,0.7993290518138683,0.9891537289795486,1,1,0.0067109656520187855,0.0067109656520187855,0.005685956217348576,0.0,0.006858472712337971,0.6674601435661316,0.0012210571439936757,0.038167938590049744
91,4328,0.7991426277961304,0.9899129132843679,1,1,0.010749129578471184,0.010533981956541538,0.010072501376271248,0.0,0.005156876984983683,0.9039902091026306,0.0027321153320372105,0.038167938590049744
92,12133,0.7990132034267257,0.9902106644827418,1,1,0.0005709699471481144,0.0,0.0,0.0,0.003576823743060231,0.998992919921875,0.00032052749884314835,0.038167938590049744
93,10714,0.7989449256077344,0.9891443508796038,1,1,0.005842098034918308,0.005842098034918308,0.005296960473060608,0.0,0.008473251946270466,0.73748379945755,0.0012210571439936757,0.038167938590049744
94,1000,0.7989204638927587,0.9893705628697257,1,1,0.0004964955733157694,0.0,0.0,0.0,0.006129217334091663,0.016571298241615295,0.00032052749884314835,0.038167938590049744
95,19074,0.7989012249433125,0.989138666168409,1,1,0.006396518088877201,0.006396518088877201,0.005462490487843752,0.0,0.008872605860233307,0.7029983997344971,0.0012210571439936757,0.038167938590049744
96,1653,0.7988686743956114,0.990214717849355,1,1,0.00082749268040061,0.0,0.0,0.0,0.002917021280154586,0.878233015537262,0.00032052749884314835,0.038167938590049744
97,16906,0.7988249053199021,0.9895045911842961,1,1,0.002556952415034175,0.002556952415034175,0.002375355688855052,0.0,0.003733092686161399,0.9799191355705261,0.0012210571439936757,0.038167938590049744
98,12366,0.7987831888925133,0.9891493240218273,1,1,0.005850373301655054,0.005850373301655054,0.005007282830774784,0.0,0.00798708200454712,0.73943692445755,0.0012210571439936757,0.038167938590049744
99,14611,0.798606050016323,0.9891794377856757,1,1,0.004940131213515997,0.004940131213515997,0.004494139924645424,0.0,0.003611550200730562,0.6397192478179932,0.0012210571439936757,0.038167938590049744
100,4642,0.7984889501079102,0.9891372832073003,1,1,0.00519665377214551,0.00519665377214551,0.004692776128649712,0.0,0.006111853756010532,0.7129778265953064,0.0012210571439936757,0.038167938590049744
101,8160,0.7984217901441811,0.989159336096639,1,1,0.005254578310996294,0.005254578310996294,0.00464311707764864,0.0,0.007032104767858982,0.6676737666130066,0.0012210571439936757,0.038167938590049744
102,14411,0.7983469463773628,0.9899398071407423,1,1,0.005031155422329903,0.005031155422329903,0.00426239799708128,0.0,0.004497074522078037,0.7929198145866394,0.0027321153320372105,0.038167938590049744
103,2069,0.7982579906593337,0.9891429220541639,1,1,0.005130454432219267,0.005130454432219267,0.0041299741715192795,0.0,0.004236625973135233,0.659220278263092,0.0012210571439936757,0.038167938590049744
104,1473,0.7982113127971986,0.9894243123426034,1,1,0.013736378401517868,0.013529504649341106,0.013093424029648304,0.0,0.015366450883448124,0.9405508637428284,0.0016942168585956097,0.038167938590049744
105,2372,0.7981700203942225,0.989263230506877,1,1,0.004584309179335833,0.004584309179335833,0.003335429821163416,0.0,0.0037851822562515736,0.6349431872367859,0.0012210571439936757,0.038167938590049744
106,15709,0.7981044368595996,0.9894420559701065,1,1,0.004824282135814428,0.004468460567295551,0.0041382503695786,0.0,0.00342055456712842,0.8410162329673767,0.12332677096128464,0.038167938590049744
107,7460,0.797944880799571,0.9899638859472748,1,1,0.0041209133341908455,0.003897490445524454,0.003219558857381344,0.0,0.0030038373079150915,0.7223926186561584,0.0027321153320372105,0.038167938590049744
108,12487,0.7979021339697976,0.9891490701179185,1,1,0.018494460731744766,0.018494460731744766,0.017446864396333694,0.0,0.006789019796997309,0.9390401840209961,0.0016789536457508802,0.038167938590049744
109,3483,0.7978648498876771,0.9897131019079447,1,1,0.007240560837090015,0.007232286036014557,0.00655498867854476,0.0,0.006163943558931351,0.9694056510925293,0.02629851922392845,0.038167938590049744
110,4233,0.797860249710172,0.9895651771675974,1,1,0.006247569341212511,0.005502826068550348,0.005164536647498608,0.0,0.015401177108287811,0.30788129568099976,0.00032052749884314835,0.038167938590049744
111,6484,0.7978542546727764,0.988647886888718,1,1,0.006454442627727985,0.006454442627727985,0.00553697906434536,0.0,0.007865539751946926,0.8613259792327881,0.12332677096128464,0.038167938590049744
112,5694,0.7977446264854086,0.9891035167631427,1,1,0.00432778662070632,0.00432778662070632,0.003360259346663952,0.0,0.004062993917614222,0.7336080074310303,0.0012210571439936757,0.038167938590049744
113,5746,0.7973362612190531,0.993359512978873,1,1,0.006868189200758934,0.006098621059209108,0.006455670576542616,0.0,0.007865539751946926,0.04960707947611809,0.00032052749884314835,0.038167938590049744
114,6564,0.7973287260005893,0.9886143787435243,1,1,0.008283201605081558,0.008283201605081558,0.0076723163947463036,0.0,0.013421770185232162,0.02249179780483246,0.0012210571439936757,0.038167938590049744
115,15851,0.7972871791293372,0.9896646668275174,1,1,0.006338593550026417,0.006330318748950958,0.005768720991909504,0.0,0.005104787182062864,0.7574120759963989,0.0027321153320372105,0.038167938590049744
116,5571,0.7968974642094169,0.9894172334713578,1,1,0.003674067324027419,0.0034671942703425884,0.00327749433927238,0.0,0.0031427431385964155,0.2233463078737259,0.0012210571439936757,0.038167938590049744
117,14847,0.7967967306912609,0.9888982468708902,1,1,0.00786945503205061,0.006744065321981907,0.0070350258611142635,0.0,0.008403799496591091,0.31203174591064453,0.00032052749884314835,0.038167938590049744
118,361,0.7966547846123111,0.9889808145005442,1,1,0.0040795388631522655,0.0040795388631522655,0.0032112824264913797,0.0,0.002639209618791938,0.12391851842403412,0.0012210571439936757,0.038167938590049744
119,14818,0.7965295335410095,0.9885212417419506,1,1,0.024328283965587616,0.024328283965587616,0.023215584456920624,0.0,0.011945896781980991,0.0319676510989666,0.0003815803793258965,0.038167938590049744
120,16300,0.7963911947557953,0.9894491013028455,1,1,0.011162876151502132,0.011162876151502132,0.010105608031153679,0.0,0.016651328653097153,0.35857176780700684,0.0012210571439936757,0.038167938590049744
121,11436,0.7962974068889422,0.9894180367433443,1,1,0.02657906338572502,0.02628944255411625,0.025384027510881424,0.0,0.03878943622112274,0.10743877291679382,0.0027321153320372105,0.038167938590049744
122,17082,0.7960245377356155,0.991356730315748,1,1,0.0,0.0,0.0,0.0,0.0,0.3806515634059906,0.007845292799174786,0.1221374049782753
123,10616,0.7960226012763773,0.9894982428452603,1,1,0.0067109656520187855,0.0067109656520187855,0.0062073757871985435,0.0,0.007969718426465988,0.8460517525672913,0.0012210571439936757,0.038167938590049744
124,8983,0.7959174219072461,0.9889431828477627,1,1,0.004650508519262075,0.0034175447653979063,0.0036002779379487038,0.0,0.003837272059172392,0.880796492099762,0.00032052749884314835,0.038167938590049744
125,17386,0.7959016942764671,0.989609337117514,1,1,0.041093286126852036,0.041093286126852036,0.04033966735005379,0.0,0.04410258308053017,0.9560540318489075,0.0003815803793258965,0.038167938590049744
126,15632,0.7958692919407109,0.9902535348300643,1,1,0.0008854171610437334,0.0,0.0,0.0,0.01507127657532692,0.6583200097084045,0.00032052749884314835,0.038167938590049744
127,5020,0.7958408088993225,0.9895067787281897,1,1,0.009747863747179508,0.009383766911923885,0.009294510819017887,0.0,0.013248138129711151,0.7330281734466553,0.0012210571439936757,0.038167938590049744
128,7579,0.7953793309184153,0.989559578470502,1,1,0.0018039339920505881,0.0012577888555824757,0.001216645585373044,0.0,0.014133661985397339,0.5030441880226135,0.00032052749884314835,0.038167938590049744
129,12139,0.7953473981608873,0.9894455880796783,1,1,0.007654306944459677,0.0072571104392409325,0.0070598553866147995,0.0,0.006216033361852169,0.7629358172416687,0.0027321153320372105,0.038167938590049744
130,7561,0.7951855524587772,0.9895654175163179,1,1,0.0,0.0,0.0,0.0,0.0,0.6019226312637329,0.0016942168585956097,0.1221374049782753
131,2464,0.7951543260208571,0.9895634891202746,1,1,0.0,0.0,0.0,0.0,0.0,0.6563210487365723,0.0016942168585956097,0.1221374049782753
132,9515,0.7950712635387183,0.988600369438326,1,1,0.006338593550026417,0.0033761700615286827,0.005503873340785503,0.0,0.008403799496591091,0.31203174591064453,0.00032052749884314835,0.038167938590049744
133,15093,0.795051046395437,0.9895570789816501,1,1,0.0,0.0,0.0,0.0,0.0,0.799572765827179,0.0016942168585956097,0.1221374049782753
134,12204,0.7950070678602752,0.9894604825628828,1,1,0.0,0.0,0.0,0.0,0.0,0.0159151591360569,0.0008089503971859813,0.1221374049782753
135,19581,0.7949217962189535,0.9895490072980245,1,1,0.0,0.0,0.0,0.0,0.0,0.9898527264595032,0.0016942168585956097,0.1221374049782753
136,4670,0.7948928021672552,0.9902487876979057,1,1,0.0014894867781549692,0.0,0.0,0.0,0.014724011532962322,0.7842374444007874,0.00032052749884314835,0.038167938590049744
137,7443,0.7947533417575532,0.9892527271088066,1,1,0.009598914533853531,0.009598914533853531,0.009385552257299423,0.0,0.004688069690018892,0.9423208832740784,0.0003815803793258965,0.038167938590049744
138,16909,0.7946312129335332,0.9895293053049573,1,1,0.0,0.0,0.0,0.0,0.0,0.723872721195221,0.0008089503971859813,0.1221374049782753
139,14356,0.794626552129806,0.9895290259713946,1,1,0.0,0.0,0.0,0.0,0.0,0.723872721195221,0.0008089503971859813,0.1221374049782753
140,8322,0.7946171778768524,0.9894403641504241,1,1,0.005569025408476591,0.005469726398587227,0.005056941881775856,0.0,0.008768427185714245,0.6686045527458191,0.0016942168585956097,0.038167938590049744
141,8223,0.7946087623112656,0.9895279592092862,1,1,0.0,0.0,0.0,0.0,0.0,0.723872721195221,0.0008089503971859813,0.1221374049782753
142,8978,0.7945849586622433,0.9895265301316868,1,1,0.0,0.0,0.0,0.0,0.0,0.723872721195221,0.0008089503971859813,0.1221374049782753
143,10507,0.7945177945683697,0.9895468172650967,1,1,0.005966221913695335,0.005957947112619877,0.005230748560279608,0.0,0.0037851822562515736,0.3309986889362335,0.12668468058109283,0.038167938590049744
144,19901,0.7944283786967156,0.989062090395282,1,1,0.029375988990068436,0.028987068682909012,0.02800767868757248,0.0,0.03941451385617256,0.21567101776599884,0.026786942034959793,0.038167938590049744
145,8090,0.7944022311981934,0.989593693878636,1,1,0.0038809406105428934,0.0030037984251976013,0.003062305273488164,0.0,0.009827583096921444,0.30836957693099976,0.00032052749884314835,0.038167938590049744
146,11034,0.794337458130139,0.9894304793462536,1,1,0.013140583410859108,0.013140583410859108,0.01202575583010912,0.0,0.014915007166564465,0.32402533292770386,0.0016942168585956097,0.038167938590049744
147,3093,0.7943199174339647,0.9895675499714945,1,1,0.001754284487105906,0.0011833144817501307,0.001183539628982544,0.0,0.013821124099195004,0.5079270601272583,0.00032052749884314835,0.038167938590049744
148,14096,0.7941801352287354,0.9919790186595425,1,1,0.02883811853826046,0.02176305651664734,0.027999402955174446,0.0,0.02507249265909195,0.5530327558517456,0.06105285882949829,0.038167938590049744
149,12244,0.7940142608400601,0.990204243276226,1,1,0.015424462966620922,0.01516794040799141,0.014508706517517567,0.0,0.019880888983607292,0.7002059817314148,0.006792130414396524,0.038167938590049744
150,7992,0.7939247027067329,0.9894339338682037,1,1,0.011733845807611942,0.011733845807611942,0.010767728090286255,0.0,0.010504748672246933,0.13405050337314606,0.0027321153320372105,0.038167938590049744
151,12488,0.7936540877502134,0.9894604797025166,1,1,0.006048971321433783,0.006048971321433783,0.005363172385841608,0.0,0.005799315869808197,0.7886625528335571,0.0027321153320372105,0.038167938590049744
152,4703,0.7936002064320622,0.9890280774158481,1,1,0.006893014069646597,0.006893014069646597,0.0060915048234164715,0.0,0.006528571248054504,0.09968718886375427,0.0012210571439936757,0.038167938590049744
153,1205,0.7935416873494647,0.9908315080811769,1,1,0.0,0.0,0.0,0.0,0.0,0.8910048007965088,0.001053161802701652,0.1221374049782753
154,9685,0.7934499169458629,0.9849547015787697,1,1,0.008903820998966694,0.008903820998966694,0.007912334986031055,0.0,0.0135259497910738,0.16382086277008057,0.9648336172103882,0.038167938590049744
155,5038,0.7933402742300906,0.9894749718224921,1,1,0.006777164991945028,0.006495817564427853,0.00585976243019104,0.0,0.005712499842047691,0.9817196726799011,0.0027321153320372105,0.038167938590049744
156,16371,0.7932920004449674,0.9899657910064606,1,1,0.014952792786061764,0.01467971969395876,0.014103157445788383,0.0,0.01784939132630825,0.9700770378112793,0.0012210571439936757,0.038167938590049744
157,12194,0.7927612641662989,0.9896000851138849,1,1,0.013554329983890057,0.013554329983890057,0.012845129705965519,0.0,0.008056534454226494,0.6333867311477661,0.0012210571439936757,0.038167938590049744
158,694,0.7927020570735119,0.9890118315900367,1,1,0.016152657568454742,0.012371014803647995,0.015427397564053535,0.0,0.007848176173865795,0.6697947382926941,0.00032052749884314835,0.038167938590049744
159,5984,0.7926680908413298,0.9894441631728165,1,1,0.008101153187453747,0.008101153187453747,0.007076408248394728,0.0,0.007796086370944977,0.14547951519489288,0.0027321153320372105,0.038167938590049744
160,1076,0.7925595993370708,0.9894757973965266,1,1,0.004873931873589754,0.004865656606853008,0.004403098486363888,0.0,0.0035420972853899,0.9030289053916931,0.0027321153320372105,0.038167938590049744
161,15329,0.7924099193969325,0.9895202010724072,1,1,0.00422021234408021,0.004211937543004751,0.0035671719815582037,0.0,0.003229559166356921,0.8238193392753601,0.0012210571439936757,0.038167938590049744
162,1430,0.7923106021845518,0.9895995691825821,1,1,0.0029872485902160406,0.0020273569971323013,0.002209825674071908,0.0,0.008334346115589142,0.9935911893844604,0.00032052749884314835,0.038167938590049744
163,14924,0.7922568456894803,0.9902660468405141,1,1,0.0012329641031101346,0.0,0.0,0.0,0.011129825375974178,0.8241855502128601,0.00032052749884314835,0.038167938590049744
164,1105,0.7921328346675901,0.990156232948766,1,1,0.0174766443669796,0.017046349123120308,0.0165530014783144,0.0,0.018821733072400093,0.9921873807907104,0.006792130414396524,0.038167938590049744
165,10852,0.792081880400712,0.9894863764011073,1,1,0.0,0.0,0.0,0.0,0.0,0.0159151591360569,0.0008089503971859813,0.1221374049782753
166,14715,0.7920231823248746,0.9894836640293402,1,1,0.0,0.0,0.0,0.0,0.0,0.0159151591360569,0.0008089503971859813,0.1221374049782753
167,339,0.7920227470987719,0.9894836465601697,1,1,0.0,0.0,0.0,0.0,0.0,0.0159151591360569,0.0008089503971859813,0.1221374049782753
168,6663,0.7919941439070031,0.9894825099887882,1,1,0.0,0.0,0.0,0.0,0.0,0.0159151591360569,0.0008089503971859813,0.1221374049782753
169,16116,0.7919919568936157,0.9894827255441956,1,1,0.0,0.0,0.0,0.0,0.0,0.0159151591360569,0.0008089503971859813,0.1221374049782753
170,6927,0.7919439505919008,0.9895694600622095,1,1,0.0,0.0,0.0,0.0,0.0,0.723872721195221,0.0008089503971859813,0.1221374049782753
171,7907,0.7919217033365746,0.9895681589114123,1,1,0.0,0.0,0.0,0.0,0.0,0.723872721195221,0.0008089503971859813,0.1221374049782753
172,14484,0.7919211404542252,0.9911403616791822,1,1,0.0,0.0,0.0,0.0,0.0,0.38954755663871765,0.007845292799174786,0.1221374049782753
173,972,0.7919081974384771,0.9902675183489928,1,1,0.0022176802158355713,0.0,0.0,0.0,0.008942059241235256,0.8494239449501038,0.00032052749884314835,0.038167938590049744
174,7954,0.7918882713843192,0.9895665508952548,1,1,0.0,0.0,0.0,0.0,0.0,0.723872721195221,0.0008089503971859813,0.1221374049782753
175,11985,0.7918567383911673,0.9902707621792847,1,1,0.0011833144817501307,0.0,0.0,0.0,0.009428229182958603,0.7942778468132019,0.00032052749884314835,0.038167938590049744
176,15328,0.7917811933960488,0.9895250692180282,1,1,0.0034009949304163456,0.0033927198965102434,0.002838839776813984,0.0,0.013821124099195004,0.5079270601272583,0.00032052749884314835,0.038167938590049744
177,1800,0.7917258224658558,0.9889889199005347,1,1,0.01359570398926735,0.01358742918819189,0.012588557787239552,0.0,0.016807598993182182,0.4902265965938568,0.00032052749884314835,0.038167938590049744
178,11795,0.7915918874072738,0.9894587033450546,1,1,0.0,0.0,0.0,0.0,0.0,0.723872721195221,0.0008089503971859813,0.1221374049782753
179,4359,0.7915843831856662,0.9894703241322489,1,1,0.0,0.0,0.0,0.0,0.0,0.723872721195221,0.0008089503971859813,0.1221374049782753
180,14580,0.7915813001722317,0.9894676778279806,1,1,0.0,0.0,0.0,0.0,0.0,0.723872721195221,0.0008089503971859813,0.1221374049782753
181,8888,0.791580233209398,0.9894690394143464,1,1,0.0,0.0,0.0,0.0,0.0,0.723872721195221,0.0008089503971859813,0.1221374049782753
182,234,0.7914951162259859,0.9894620345191124,1,1,0.009557540528476238,0.009292742237448692,0.009195192717015743,0.0,0.009219870902597904,0.583489716053009,0.0016942168585956097,0.038167938590049744
183,500,0.7914363277047428,0.9897023936867035,1,1,0.019462626427412033,0.019462626427412033,0.018845591694116592,0.0,0.02215547114610672,0.7407339811325073,0.0027321153320372105,0.038167938590049744
184,923,0.79141398124508,0.9896337068545353,1,1,0.0015970608219504356,0.0010757404379546642,0.001249751658178866,0.0,0.007587727624922991,0.24122987687587738,0.00032052749884314835,0.038167938590049744
185,6005,0.791042838356833,0.9896320434169978,1,1,0.001679810113273561,0.0009847162291407585,0.001291134161874652,0.0,0.006146580446511507,0.25908294320106506,0.00032052749884314835,0.038167938590049744
186,6881,0.7910272099300107,0.9895193908901768,1,1,0.010161609388887882,0.010153334587812424,0.008706878870725632,0.0,0.014585105702280998,0.18348973989486694,0.00032052749884314835,0.038167938590049744
187,4595,0.7910237663995419,0.9895236642205577,1,1,0.005577300675213337,0.005569025408476591,0.00477554090321064,0.0,0.009966488927602768,0.6413824558258057,0.00032052749884314835,0.038167938590049744
188,5615,0.7910221187926051,0.9895055875291466,1,1,0.007935654371976852,0.007935654371976852,0.0075067863799631596,0.0,0.01015748456120491,0.6072785258293152,0.08290978521108627,0.038167938590049744
189,6891,0.7909315886773212,0.9904117832017323,1,1,0.000802667869720608,0.0,0.0,0.0,0.004219262860715389,0.025848783552646637,0.00032052749884314835,0.038167938590049744
190,13798,0.7909219874374395,0.9902761065524075,1,1,0.0006619940977543592,0.0,0.0,0.0,0.008525341749191284,0.8225833773612976,0.00032052749884314835,0.038167938590049744
191,16048,0.7907876375281487,0.9886031633666078,1,1,0.013306082226336002,0.013306082226336002,0.012605111114680767,0.0,0.00946295540779829,0.6808880567550659,0.0012210571439936757,0.038167938590049744
192,6540,0.7906810647821916,0.9894636875892497,1,1,0.008746596984565258,0.008490074425935745,0.008168905973434448,0.0,0.014359383843839169,0.27728694677352905,0.0027321153320372105,0.038167938590049744
193,19642,0.7906731872527457,0.9896129060172553,1,1,0.0029624237213283777,0.0025155777111649513,0.001663576695136726,0.0,0.005278419237583876,0.9999847412109375,0.00032052749884314835,0.038167938590049744
194,7806,0.7906537343914718,0.9894557530837209,1,1,0.007902555167675018,0.00738123431801796,0.007523339241743088,0.0,0.00862952135503292,0.08215457201004028,0.0016942168585956097,0.038167938590049744
195,17580,0.7906408559030561,0.9899994152987768,1,1,0.01525068935006857,0.01494451705366373,0.014541812241077423,0.0,0.021738752722740173,0.9668574333190918,0.0027321153320372105,0.038167938590049744
196,11317,0.7906344937761288,0.9887585947994532,1,1,0.0035664932802319527,0.003558218479156494,0.00327749433927238,0.0,0.002882294822484255,0.02525368146598339,0.12332677096128464,0.038167938590049744
197,19633,0.7904204208348224,0.989083516578838,1,1,0.005461451597511768,0.0046091340482234955,0.0044113751500844955,0.0,0.006945288740098476,0.9999237060546875,0.00032052749884314835,0.038167938590049744
198,14773,0.7903829631604143,0.9894577734950728,1,1,0.008523174561560154,0.008332851342856884,0.007854399271309376,0.0,0.011268731206655502,0.05738918110728264,0.0016942168585956097,0.038167938590049744
199,5311,0.7903294700072773,0.9896140191864559,1,1,0.002796925138682127,0.00165498536080122,0.001696682651527226,0.0,0.003507370827719569,0.9740443825721741,0.00032052749884314835,0.038167938590049744
200,1840,0.7902289411914883,0.9898492245930749,1,1,0.0017625594045966864,0.001679810113273561,0.001696682651527226,0.0,0.0010938829509541392,0.10412756353616714,0.02900010719895363,0.038167938590049744
201,8875,0.7902207718745097,0.9895522476289393,1,1,0.0058834729716181755,0.0058834729716181755,0.0047920942306518555,0.0,0.006806382909417152,0.9490959048271179,0.00032052749884314835,0.038167938590049744
202,8029,0.7901211295332482,0.9896047233156227,1,1,0.002408003667369485,0.001679810113273561,0.001382175600156188,0.0,0.004792249295860529,0.46488136053085327,0.00032052749884314835,0.038167938590049744
203,10086,0.7897241692712058,0.9895564798208617,1,1,0.0034671942703425884,0.0034671942703425884,0.002698139287531376,0.0,0.008039171807467937,0.990341067314148,0.00032052749884314835,0.038167938590049744
204,9002,0.7896128737214786,0.99087402446274,1,1,0.0007695681997574866,0.0007695681997574866,0.0,0.0,0.0013716944959014654,0.8799572587013245,0.0012210571439936757,0.038167938590049744
205,6506,0.7895677550737538,0.988522492919223,1,1,0.0010840153554454446,0.0008357675978913903,0.0006786730955354869,0.0,0.002135676331818104,0.7073624730110168,0.00032052749884314835,0.038167938590049744
206,4052,0.7895477496699166,0.989604563712995,1,1,0.00218458054587245,0.0014563871081918478,0.001572535140439868,0.0,0.0032121960539370775,0.5861600637435913,0.00032052749884314835,0.038167938590049744
207,8557,0.7895155108506936,0.989364980049434,1,1,0.021092787384986877,0.021092787384986877,0.020492617040872574,0.0,0.006163943558931351,0.7495079040527344,0.0016789536457508802,0.038167938590049744
208,4118,0.7894949855199501,0.9908666775314421,1,1,0.0007695681997574866,0.0007695681997574866,0.0,0.0,0.001423784182406962,0.46407264471054077,0.0012210571439936757,0.038167938590049744
209,13075,0.789358123567011,0.9895020802528742,1,1,0.021324485540390015,0.020703867077827454,0.02041812799870968,0.0,0.023284079506993294,0.029175249859690666,0.0027321153320372105,0.038167938590049744
210,19613,0.7893445636493279,0.9894883888897894,1,1,0.00714953662827611,0.00714953662827611,0.006472223903983831,0.0,0.010192210786044598,0.06063935160636902,0.00032052749884314835,0.038167938590049744
211,8395,0.7893265063730499,0.9896167128954979,1,1,0.0,0.0,0.0,0.0,0.0,0.5201800465583801,0.0016942168585956097,0.1221374049782753
212,4520,0.7893130777876324,0.9896074938474259,1,1,0.0029624237213283777,0.0022259552497416735,0.00163874716963619,0.0,0.02599274180829525,0.20096132159233093,0.00032052749884314835,0.038167938590049744
213,2934,0.7893085961800013,0.9896210050774602,1,1,0.0017956590745598078,0.0014646620256826282,0.001166986650787294,0.0,0.0038199087139219046,0.9545128345489502,0.00032052749884314835,0.038167938590049744
214,16807,0.7891839997396681,0.9895122639928106,1,1,0.0,0.0,0.0,0.0,0.0,0.0159151591360569,0.0008089503971859813,0.1221374049782753
215,14427,0.7891203409868327,0.9896039788908811,1,1,0.0,0.0,0.0,0.0,0.0,0.8001678586006165,0.0016942168585956097,0.1221374049782753
216,13481,0.7891154240316419,0.9903166177994513,1,1,0.008101153187453747,0.008101153187453747,0.007490233518183231,0.0,0.007900265976786613,0.15638971328735352,0.0027321153320372105,0.038167938590049744
217,3081,0.7891126085878976,0.9894678653734651,1,1,0.0075384583324193954,0.007356409914791584,0.006927431095391512,0.0,0.011043009348213673,0.03955138474702835,0.0016942168585956097,0.038167938590049744
218,11514,0.789055957480431,0.98934096365526,1,1,0.0038809406105428934,0.0038809406105428934,0.0032112824264913797,0.0,0.003299012081697583,0.7462729811668396,0.0012210571439936757,0.038167938590049744
219,14488,0.7890532247104456,0.9895068925480115,1,1,0.0,0.0,0.0,0.0,0.0,0.0159151591360569,0.0008089503971859813,0.1221374049782753
220,1906,0.7890254143458694,0.990058202136434,1,1,0.02579294703900814,0.02579294703900814,0.02487088553607464,0.0,0.00800444558262825,0.46977952122688293,0.006792130414396524,0.038167938590049744
221,8052,0.789007026841169,0.9894965857131466,1,1,0.021489983424544334,0.02064594253897667,0.020823676139116287,0.0,0.031184345483779907,0.9169299006462097,0.0016942168585956097,0.038167938590049744
222,18263,0.7889849967031337,0.989795329270828,1,1,0.06018353998661041,0.05987736955285072,0.05913560092449188,0.0,0.011320820078253746,0.1252613067626953,0.03664697706699371,0.038167938590049744
223,13579,0.7889378103219084,0.9894909915735159,1,1,0.0062392945401370525,0.0062392945401370525,0.0061080576851964,0.0,0.009515045210719109,0.7964141368865967,0.0016942168585956097,0.038167938590049744
224,18168,0.7888902207454842,0.9895893444020272,1,1,0.0,0.0,0.0,0.0,0.0,0.723872721195221,0.0008089503971859813,0.1221374049782753
225,11748,0.7888509912499742,0.9895467242355965,1,1,0.005080804694443941,0.005080804694443941,0.0038982320111244917,0.0,0.005573594011366367,0.5182879567146301,0.00032052749884314835,0.038167938590049744
226,13322,0.7887968105166706,0.9901023511221472,1,1,0.0107656791806221,0.010360208339989185,0.009509699419140816,0.0,0.009046238847076893,0.6011444330215454,0.0027321153320372105,0.038167938590049744
227,5279,0.7887154060374647,0.9865277695582421,1,1,0.004849107004702091,0.003963689785450697,0.00401410274207592,0.0,0.003229559166356921,0.8503700494766235,0.059862326830625534,0.038167938590049744
228,10595,0.7886935349053411,0.9900338533999012,1,1,0.011684196069836617,0.011684196069836617,0.010999470017850399,0.0,0.009671314619481564,0.8845196962356567,0.0027321153320372105,0.038167938590049744
229,1620,0.7886718701182017,0.9895592302662747,1,1,0.004319511819630861,0.004319511819630861,0.003608554368838668,0.0,0.004236625973135233,0.8857099413871765,0.00032052749884314835,0.038167938590049744
230,19373,0.7885218218191347,0.9907765130457041,1,1,0.003293420886620879,0.003293420886620879,0.0,0.0,0.006476481445133686,0.6011291742324829,0.0012210571439936757,0.038167938590049744
231,13210,0.7883355685634844,0.9895355381383983,1,1,0.00413746340200305,0.00413746340200305,0.003393365303054452,0.0,0.004062993917614222,0.19742122292518616,0.00032052749884314835,0.038167938590049744
232,13881,0.7882124509161977,0.9900398601117331,1,1,0.01185796968638897,0.011411123909056187,0.010618750937283039,0.0,0.010244300588965416,0.8748149871826172,0.0027321153320372105,0.038167938590049744
233,16258,0.7881164521660045,0.9894882979638743,1,1,0.005022880621254444,0.004882206674665213,0.004022379405796528,0.0,0.00342055456712842,0.39064621925354004,0.0027321153320372105,0.038167938590049744
234,2323,0.7881097060197325,0.9894764512368509,1,1,0.005999321583658457,0.005999321583658457,0.005586638115346432,0.0,0.009358776733279228,0.12135500460863113,0.0016942168585956097,0.038167938590049744
235,18435,0.7880049335578924,0.991147600881496,1,1,0.0,0.0,0.0,0.0,0.0,0.5100480914115906,0.007845292799174786,0.1221374049782753
236,5948,0.7879469088876425,0.9900909845922449,1,1,0.013339181430637836,0.013330906629562378,0.011992650106549263,0.0,0.009584498591721058,0.6211947798728943,0.006792130414396524,0.038167938590049744
237,12599,0.7878293879367304,0.9892478941026653,1,1,0.0204804427921772,0.0204804427921772,0.01950771175324917,0.0,0.006858472712337971,0.5085984468460083,0.0021826396696269512,0.038167938590049744
238,11515,0.7878171343737737,0.9889660079215257,1,1,0.005668324884027243,0.004633958917111158,0.0049327947199344635,0.0,0.006129217334091663,0.6697947382926941,0.00032052749884314835,0.038167938590049744
239,9254,0.7877065170167098,0.9900777212370887,1,1,0.0165002029389143,0.016078181564807892,0.015750180929899216,0.0,0.010643654502928257,0.6877851486206055,0.006792130414396524,0.038167938590049744
240,12191,0.7874484722738836,0.9900325830537451,1,1,0.01071603037416935,0.010707754641771317,0.00974144134670496,0.0,0.009324049577116966,0.9998016357421875,0.006792130414396524,0.038167938590049744
241,9881,0.7873310210989483,0.9895969186590253,1,1,0.008663848042488098,0.008663848042488098,0.008077864535152912,0.0,0.0021183129865676165,0.40399786829948425,0.0021215868182480335,0.038167938590049744
242,2131,0.7870580885392516,0.9902559233103028,1,1,0.01196554396301508,0.01196554396301508,0.011181552894413471,0.0,0.005452051758766174,0.09396505355834961,0.0012210571439936757,0.038167938590049744
243,731,0.7870270396346477,0.9907269622349739,1,1,0.0009929911466315389,0.0009929911466315389,0.0,0.0,0.0019446808146312833,0.6241550445556641,0.0012210571439936757,0.038167938590049744
244,8816,0.7869825422930629,0.9895080098905056,1,1,0.017782816663384438,0.016864299774169922,0.017099250108003616,0.0,0.0158699844032526,0.8272221088409424,0.0016942168585956097,0.038167938590049744
245,5029,0.7869816211177342,0.9902597913563576,1,1,0.01196554396301508,0.011353199370205402,0.011181552894413471,0.0,0.004514437634497881,0.08760204166173935,0.0012210571439936757,0.038167938590049744
246,18374,0.786980661056213,0.9894997371412961,1,1,0.003765091532841325,0.003475469071418047,0.0030705819372087717,0.0,0.0023613981902599335,0.4474097788333893,0.0027321153320372105,0.038167938590049744
247,3008,0.7868574724824571,0.9896509086694216,1,1,0.013140583410859108,0.012759936973452568,0.0124809630215168,0.0,0.015939436852931976,0.10730144381523132,0.3024100661277771,0.038167938590049744
248,9252,0.7868297966110869,0.9890370453292426,1,1,0.005742799025028944,0.004890481475740671,0.004916241392493248,0.0,0.004184536170214415,0.8494086861610413,0.00032052749884314835,0.038167938590049744
249,14695,0.7866859004499196,0.9894946515497773,1,1,0.003508568974211812,0.003359620226547122,0.003111964324489236,0.0,0.0018752278992906213,0.24884413182735443,0.0027321153320372105,0.038167938590049744
250,8673,0.786633011787685,0.9900890157986371,1,1,0.011402849107980728,0.011402849107980728,0.010287690907716751,0.0,0.005868768785148859,0.9378194808959961,0.006792130414396524,0.038167938590049744
251,17871,0.7866191159760956,0.9896530239332708,1,1,0.0,0.0,0.0,0.0,0.0,0.31119248270988464,0.0016942168585956097,0.1221374049782753
252,10249,0.7864752854985088,0.9895545942236983,1,1,0.0020521818660199642,0.0018866832833737135,0.00184565968811512,0.0,0.002170402789488435,0.6894789338111877,0.0012210571439936757,0.038167938590049744
253,6388,0.786436669526128,0.9895425104903601,1,1,0.0,0.0,0.0,0.0,0.0,0.0159151591360569,0.0008089503971859813,0.1221374049782753
254,16911,0.7862988584605393,0.9895320231336547,1,1,0.016069907695055008,0.016061631962656975,0.015021849423646927,0.0,0.01547063048928976,0.10583657771348953,0.0027321153320372105,0.038167938590049744
255,16869,0.7862208238196928,0.9895338852364045,1,1,0.0,0.0,0.0,0.0,0.0,0.0159151591360569,0.0008089503971859813,0.1221374049782753
256,1866,0.7861776295215336,0.9895813297781275,1,1,0.006206194870173931,0.006206194870173931,0.004883135668933392,0.0,0.026374733075499535,0.8342717885971069,0.00032052749884314835,0.038167938590049744
257,18586,0.7861717029555464,0.9896254427538143,1,1,0.0,0.0,0.0,0.0,0.0,0.8240634799003601,0.0016942168585956097,0.1221374049782753
258,11358,0.7861525455665257,0.9895310594766542,1,1,0.0,0.0,0.0,0.0,0.0,0.0159151591360569,0.0008089503971859813,0.1221374049782753
259,1187,0.7859994733511512,0.9901331768819049,1,1,0.0059000225737690926,0.0059000225737690926,0.0049576242454349995,0.0,0.004757522605359554,0.5569848418235779,0.0027321153320372105,0.038167938590049744
260,2945,0.7859862704746726,0.9896646228136496,1,1,0.0,0.0,0.0,0.0,0.0,0.10899519175291061,0.0016942168585956097,0.1221374049782753
261,19702,0.7859396493604078,0.9895577424426861,1,1,0.0,0.0,0.0,0.0,0.0,0.0159151591360569,0.0008089503971859813,0.1221374049782753
262,19015,0.785931224954164,0.9895573923277691,1,1,0.0,0.0,0.0,0.0,0.0,0.0159151591360569,0.0008089503971859813,0.1221374049782753
263,14751,0.7859182618583467,0.9895568466575609,1,1,0.0,0.0,0.0,0.0,0.0,0.0159151591360569,0.0008089503971859813,0.1221374049782753
264,13586,0.7858279198709014,0.9896024255765354,1,1,0.0,0.0,0.0,0.0,0.0,0.723872721195221,0.0008089503971859813,0.1221374049782753
265,8577,0.7858065008373755,0.9896011675745027,1,1,0.0,0.0,0.0,0.0,0.0,0.723872721195221,0.0008089503971859813,0.1221374049782753
266,5713,0.7858016282613212,0.9896008774183723,1,1,0.0,0.0,0.0,0.0,0.0,0.723872721195221,0.0008089503971859813,0.1221374049782753
267,8321,0.785792180778752,0.9896003177497978,1,1,0.0,0.0,0.0,0.0,0.0,0.723872721195221,0.0008089503971859813,0.1221374049782753
268,9003,0.7857891513340509,0.9903339317113737,1,1,0.0004385711217764765,0.0004385711217764765,0.0,0.0,0.0006945288623683155,0.6164950132369995,0.0012210571439936757,0.038167938590049744
269,8641,0.7857872418948074,0.9900603393808224,1,1,0.012743387371301651,0.012735111638903618,0.011885055340826511,0.0,0.005886131897568703,0.8662852048873901,0.006792130414396524,0.038167938590049744
270,4433,0.7857737031357437,0.9895992210495709,1,1,0.0,0.0,0.0,0.0,0.0,0.723872721195221,0.0008089503971859813,0.1221374049782753
271,7127,0.785770624076753,0.9894983327886048,1,1,0.00297069875523448,0.00297069875523448,0.001911871717311442,0.0,0.002378761302679777,0.09147783368825912,0.0027321153320372105,0.038167938590049744
272,6007,0.7857691364537376,0.9895989493716887,1,1,0.0,0.0,0.0,0.0,0.0,0.723872721195221,0.0008089503971859813,0.1221374049782753
273,14983,0.7857602213004541,0.9895984170912313,1,1,0.0,0.0,0.0,0.0,0.0,0.723872721195221,0.0008089503971859813,0.1221374049782753
274,14341,0.7857514237846012,0.9895005804468908,1,1,0.02186235599219799,0.02129138633608818,0.020252598449587822,0.0,0.030125189572572708,0.2523079216480255,0.006792130414396524,0.038167938590049744
275,3993,0.7857449621528141,0.9895498880340103,1,1,0.0,0.0,0.0,0.0,0.0,0.0159151591360569,0.0008089503971859813,0.1221374049782753
276,2485,0.7857041751493269,0.9900675286564338,1,1,0.014605245552957058,0.014332172460854053,0.013457590714097023,0.0,0.007362005766481161,0.7288166880607605,0.0012210571439936757,0.038167938590049744
277,8979,0.7856385010503122,0.988095791387949,1,1,0.0010095410980284214,0.0007281935540959239,0.0005131430807523429,0.0,0.006545934360474348,0.062485694885253906,0.00032052749884314835,0.038167938590049744
278,10315,0.7856303930741568,0.9895454063675976,1,1,0.0,0.0,0.0,0.0,0.0,0.0159151591360569,0.0008089503971859813,0.1221374049782753
279,3729,0.7856277801645225,0.9895453041449899,1,1,0.0,0.0,0.0,0.0,0.0,0.0159151591360569,0.0008089503971859813,0.1221374049782753
280,2145,0.7856232911237141,0.9891511907853546,1,1,0.000926791806705296,0.0005378702189773321,0.00048003706615418196,0.0,0.002274581929668784,0.239032581448555,0.00032052749884314835,0.038167938590049744
281,19568,0.7855185941711761,0.9895409204907505,1,1,0.0,0.0,0.0,0.0,0.0,0.0159151591360569,0.0008089503971859813,0.1221374049782753
282,14329,0.7854403754571572,0.9895377124210515,1,1,0.0,0.0,0.0,0.0,0.0,0.0159151591360569,0.0008089503971859813,0.1221374049782753
283,19732,0.7854199047474969,0.9904650799490738,1,1,0.0,0.0,0.0,0.0,0.0,0.546227216720581,0.07723186910152435,0.1221374049782753
284,5575,0.7853955075392605,0.9895358864515749,1,1,0.0,0.0,0.0,0.0,0.0,0.0159151591360569,0.0008089503971859813,0.1221374049782753
285,6797,0.7853782421375503,0.9895352192752437,1,1,0.0,0.0,0.0,0.0,0.0,0.0159151591360569,0.0008089503971859813,0.1221374049782753
286,5347,0.7851437058076018,0.9896124501476925,1,1,0.0,0.0,0.0,0.0,0.0,0.723872721195221,0.0008089503971859813,0.1221374049782753
287,19514,0.7851163154182226,0.9896107248601913,1,1,0.0,0.0,0.0,0.0,0.0,0.723872721195221,0.0008089503971859813,0.1221374049782753
288,6981,0.7850225619853689,0.989604806664231,1,1,0.0,0.0,0.0,0.0,0.0,0.723872721195221,0.0008089503971859813,0.1221374049782753
289,15198,0.784985176061366,0.9896024385142829,1,1,0.0,0.0,0.0,0.0,0.0,0.723872721195221,0.0008089503971859813,0.1221374049782753
290,84,0.7849350261756425,0.9907596565231833,1,1,0.0,0.0,0.0,0.0,0.0,0.7218433022499084,0.007845292799174786,0.1221374049782753
291,8135,0.784904221427657,0.989597074798679,1,1,0.0,0.0,0.0,0.0,0.0,0.723872721195221,0.0008089503971859813,0.1221374049782753
292,19434,0.7849040688222941,0.9895972447784148,1,1,0.0,0.0,0.0,0.0,0.0,0.723872721195221,0.0008089503971859813,0.1221374049782753
293,14224,0.7848906038592289,0.9895962732811772,1,1,0.0,0.0,0.0,0.0,0.0,0.723872721195221,0.0008089503971859813,0.1221374049782753
294,15836,0.7848873250212638,0.9895960969111245,1,1,0.0,0.0,0.0,0.0,0.0,0.723872721195221,0.0008089503971859813,0.1221374049782753
295,9906,0.7848870506180693,0.9895960893200965,1,1,0.0,0.0,0.0,0.0,0.0,0.723872721195221,0.0008089503971859813,0.1221374049782753
296,9111,0.784415509940973,0.990058354533705,1,1,0.012817861512303352,0.012255166657269001,0.011570548638701439,0.0,0.00553886778652668,0.9741359353065491,0.0012210571439936757,0.038167938590049744
297,565,0.7840961891768584,0.9905638994047001,1,1,0.0009102419135160744,0.0009102419135160744,0.0,0.0,0.001805775100365281,0.8982070684432983,0.0012210571439936757,0.038167938590049744
298,5651,0.7840681558206789,0.9875088520647665,1,1,0.025966718792915344,0.025966718792915344,0.02528470940887928,0.0,0.011424999684095383,0.7657129764556885,0.0003815803793258965,0.038167938590049744
299,5286,0.7839496783745378,0.9896426249403393,1,1,0.002507302677258849,0.0017377345357090235,0.001613917644135654,0.0,0.01507127657532692,0.6583200097084045,0.00032052749884314835,0.038167938590049744
300,403,0.7839123913270244,0.989050530370329,1,1,0.0,0.0,0.0,0.0,0.0,0.0159151591360569,0.0008089503971859813,0.1221374049782753
301,2340,0.7839018829342147,0.9890500571611786,1,1,0.0,0.0,0.0,0.0,0.0,0.0159151591360569,0.0008089503971859813,0.1221374049782753
302,19485,0.7839001006171721,0.9890499774000541,1,1,0.0,0.0,0.0,0.0,0.0,0.0159151591360569,0.0008089503971859813,0.1221374049782753
303,14113,0.7838794053601685,0.9895362793923744,1,1,0.013479855842888355,0.012627538293600082,0.012696152552962303,0.0,0.012952962890267372,0.03001449629664421,0.0027321153320372105,0.038167938590049744
304,11497,0.7838577429360863,0.989633067717551,1,1,0.0064296177588403225,0.005312502849847078,0.004378268960863352,0.0,0.01192853320389986,0.40773633122444153,0.00032052749884314835,0.038167938590049744
305,18605,0.7835351011526982,0.9888783029759639,1,1,0.0072571104392409325,0.0072571104392409325,0.0072005558758974075,0.0,0.0022919452749192715,0.11749447137117386,0.0003815803793258965,0.038167938590049744
306,12620,0.7834839787667005,0.9892554194668256,1,1,0.06167302653193474,0.06167302653193474,0.06115506589412689,0.0,0.02951747737824917,0.4129548966884613,0.0021826396696269512,0.038167938590049744
307,682,0.7833479536590456,0.9896860679255899,1,1,0.022036129608750343,0.022036129608750343,0.021427860483527184,0.0,0.005781952757388353,0.7757381796836853,0.0012210571439936757,0.038167938590049744
308,14817,0.783206313779419,0.9896648291730193,1,1,0.013695003464818,0.013695003464818,0.012282327748835087,0.0,0.014689285308122635,0.47051194310188293,0.0012210571439936757,0.038167938590049744
309,14546,0.7831336909960678,0.9895345399966938,1,1,0.005428351927548647,0.005295952782034874,0.005371449049562216,0.0,0.009133054874837399,0.7327992916107178,0.0016942168585956097,0.038167938590049744
310,15591,0.7830836162624986,0.9854294057001995,1,1,0.011013926938176155,0.011005652137100697,0.010552538558840752,0.0,0.01439411100000143,0.26132601499557495,0.0012210571439936757,0.038167938590049744
311,4599,0.7830710295976988,0.9897424488601836,1,1,0.010641555301845074,0.009996111504733562,0.009393828921020031,0.0,0.009324049577116966,0.02517738565802574,0.0027321153320372105,0.038167938590049744
312,12052,0.7829817709860517,0.9885854373904666,1,1,0.001216414151713252,0.0007364684715867043,0.000819373584818095,0.0,0.0022224923595786095,0.5023728013038635,0.00032052749884314835,0.038167938590049744
313,18820,0.782891001435407,0.9893663581007308,1,1,0.0174766443669796,0.0174766443669796,0.017339268699288368,0.0,0.003507370827719569,0.8348363637924194,0.0003815803793258965,0.038167938590049744
314,2444,0.7827851676396025,0.989644865569416,1,1,0.009880262427031994,0.008183902129530907,0.007018472999334335,0.0,0.017172226682305336,0.2733501195907593,0.00032052749884314835,0.038167938590049744
315,10490,0.7827620129448487,0.9895605779408411,1,1,0.017518019303679466,0.016963599249720573,0.016511619091033936,0.0,0.022849999368190765,0.9412527680397034,0.006792130414396524,0.038167938590049744
316,8233,0.7826456098553183,0.9895194145380883,1,1,0.011204250156879425,0.01079877931624651,0.010188372805714607,0.0,0.012188981287181377,0.252384215593338,0.007845292799174786,0.038167938590049744
317,19730,0.7824210629089555,0.9904660718292666,1,1,0.0011584897292777896,0.0011584897292777896,0.0,0.0,0.0020141336135566235,0.1764095574617386,0.0012210571439936757,0.038167938590049744
318,19412,0.7822845286653725,0.9893848249021022,1,1,0.0022011303808540106,0.0022011303808540106,0.0021353373304009438,0.0,0.001666869269683957,0.3162737488746643,0.0012210571439936757,0.038167938590049744
319,704,0.7821955719470914,0.9891388678246514,1,1,0.012817861512303352,0.012809586711227894,0.011868502013385296,0.0,0.012987690046429634,0.0963912382721901,0.0012210571439936757,0.038167938590049744
320,17770,0.7821418206735667,0.9895379155843772,1,1,0.01304955966770649,0.01261098776012659,0.012331986799836159,0.0,0.012223707512021065,0.30600443482398987,0.0027321153320372105,0.038167938590049744
321,15071,0.7820928036453321,0.9894995393731282,1,1,0.001977707492187619,0.001977707492187619,0.001911871717311442,0.0,0.0011806990951299667,0.3667505979537964,0.0012210571439936757,0.038167938590049744
322,1208,0.782042655735599,0.989399364454571,1,1,0.06670418381690979,0.06669590622186661,0.06589750200510025,0.0,0.018648099154233932,0.7687342762947083,0.0016789536457508802,0.038167938590049744
323,8910,0.7819079942445257,0.990087509784287,1,1,0.004791182465851307,0.004319511819630861,0.0041299741715192795,0.0,0.002621846506372094,0.9970244765281677,0.0027321153320372105,0.038167938590049744
324,8610,0.7816813584250301,0.9896774612259852,1,1,0.0040795388631522655,0.0033430703915655613,0.002375355688855052,0.0,0.009358776733279228,0.8393835425376892,0.00032052749884314835,0.038167938590049744
325,16811,0.7816665763544317,0.9794729968203385,1,1,0.40368402004241943,0.40368402004241943,0.4036863446235657,0.0,0.012327887117862701,0.14949263632297516,0.0003815803793258965,0.038167938590049744
326,198,0.7815274902361443,0.9892448567592912,1,1,0.001969432458281517,0.001969432458281517,0.001704959198832512,0.0,0.0013022415805608034,0.08844128996133804,0.0012210571439936757,0.038167938590049744
327,6746,0.7815228448207698,0.9900055779862927,1,1,0.021150711923837662,0.019346779212355614,0.017388928681612015,0.0,0.02198183909058571,0.5335012078285217,0.5245051383972168,0.038167938590049744
328,10960,0.7813677898983458,0.9896240173762398,1,1,0.015292064286768436,0.015292064286768436,0.014699066057801247,0.0,0.014949733391404152,0.9947356581687927,0.0027321153320372105,0.038167938590049744
329,16593,0.7811428108074482,0.9893348525336221,1,1,0.0072984853759408,0.0072984853759408,0.007159173488616943,0.0,0.003455281024798751,0.5585870146751404,0.0021826396696269512,0.038167938590049744
330,15139,0.78113828530834,0.989153830149105,1,1,0.002267329953610897,0.002267329953610897,0.00219327281229198,0.0,0.001736322185024619,0.1266346275806427,0.0012210571439936757,0.038167938590049744
331,17917,0.7810699922769372,0.9895551829170626,1,1,0.010914628393948078,0.008945195935666561,0.010213201865553856,0.0,0.00845588929951191,0.23190660774707794,0.0012210571439936757,0.038167938590049744
332,1905,0.7809883432268206,0.9896945259803259,1,1,0.012006918899714947,0.011617996729910374,0.011280870996415615,0.0,0.01038320641964674,0.5798428058624268,0.0012210571439936757,0.038167938590049744
333,12169,0.7809714026081918,0.9896114861439872,1,1,0.00990508683025837,0.00990508683025837,0.007167449686676264,0.0,0.01569635234773159,0.7792782187461853,0.00032052749884314835,0.038167938590049744
334,7698,0.7808934306503106,0.9901062376852141,1,1,0.0,0.0,0.0,0.0,0.0,0.8668040037155151,0.007936871610581875,0.1221374049782753
335,1,0.7808896395245718,0.9897080907278375,1,1,0.0,0.0,0.0,0.0,0.0,0.15396353602409363,0.0016942168585956097,0.1221374049782753
336,1092,0.7807784784418433,0.9896077904005398,1,1,0.008299751207232475,0.008291476406157017,0.007904058322310448,0.0,0.00718837371096015,0.9337148070335388,0.0027321153320372105,0.038167938590049744
337,7805,0.7807301186831362,0.9895359540399719,1,1,0.01177522074431181,0.011766945943236351,0.010924980975687504,0.0,0.010695744305849075,0.06572061032056808,0.006792130414396524,0.038167938590049744
338,18424,0.780355367475926,0.9896935321382706,1,1,0.009027944877743721,0.007770156022161245,0.008442031219601631,0.0,0.007848176173865795,0.02995345927774906,0.0027321153320372105,0.038167938590049744
339,757,0.7803532999398104,0.9900875503094401,1,1,0.011138050816953182,0.010873253457248211,0.010792557150125504,0.0,0.01739794760942459,0.7799038887023926,0.0012210571439936757,0.038167938590049744
340,9745,0.7802323166511222,0.9900667520378612,1,1,0.0,0.0,0.0,0.0,0.0,0.732402503490448,0.007936871610581875,0.1221374049782753
341,10140,0.7801807875575651,0.9900636672281979,1,1,0.0,0.0,0.0,0.0,0.0,0.7201189994812012,0.007936871610581875,0.1221374049782753
342,8340,0.7798928403670886,0.9895492654966229,1,1,0.009449966251850128,0.009218268096446991,0.008971727453172207,0.0,0.012588335201144218,0.4292973279953003,0.0016942168585956097,0.038167938590049744
343,11571,0.7798384590519231,0.9895689386177471,1,1,0.012809586711227894,0.01280131097882986,0.011926437728106976,0.0,0.010018578730523586,0.2838788330554962,0.006792130414396524,0.038167938590049744
344,11864,0.7798288405933977,0.9896357393923834,1,1,0.0379570871591568,0.037948813289403915,0.03708700090646744,0.0,0.023579254746437073,0.5332723259925842,0.0003815803793258965,0.038167938590049744
345,12643,0.7798240708826638,0.9896159532125107,1,1,0.00767913181334734,0.007397784385830164,0.00693570775911212,0.0,0.008560067974030972,0.8521705865859985,0.0012210571439936757,0.038167938590049744
346,14949,0.7797856728351716,0.9895473134719555,1,1,0.011576622724533081,0.011576622724533081,0.010511156171560287,0.0,0.01569635234773159,0.029694056138396263,0.0027321153320372105,0.038167938590049744
347,17110,0.7797675575338193,0.99031402477226,1,1,0.0009185168310068548,0.0009185168310068548,0.0,0.0,0.0017884118715301156,0.04081788286566734,0.0012210571439936757,0.038167938590049744
348,6366,0.7797390538584633,0.9884073482085093,1,1,0.001944607705809176,0.0014150124043226242,0.0017132357461377978,0.0,0.003090653335675597,0.22903792560100555,0.00032052749884314835,0.038167938590049744
349,9457,0.7796852818124604,0.9890924143165295,1,1,0.024485507979989052,0.023153245449066162,0.02385287545621395,0.0,0.028805583715438843,0.49935150146484375,0.00032052749884314835,0.038167938590049744
350,7539,0.7796321967105265,0.9888797105446911,1,1,0.0019528826232999563,0.0019528826232999563,0.001787724206224084,0.0,0.0017536854138597846,0.11985961347818375,0.0012210571439936757,0.038167938590049744
351,13399,0.7795505087767074,0.9926417971566087,1,1,0.012188967317342758,0.012180691584944725,0.011669866740703583,0.0,0.006771656218916178,0.6016632318496704,0.77114337682724,0.038167938590049744
352,18624,0.7795163759433511,0.9896096380808609,1,1,0.01688084937632084,0.016872575506567955,0.016139177605509758,0.0,0.01751949079334736,0.02241550385951996,0.006792130414396524,0.038167938590049744
353,5068,0.7794269744320703,0.9895560222966593,1,1,0.009540989995002747,0.009532715193927288,0.008384095504879951,0.0,0.009150417521595955,0.40378424525260925,0.0027321153320372105,0.038167938590049744
354,7563,0.7794200024332869,0.9894237801770731,1,1,0.04424603283405304,0.04424603283405304,0.043641988188028336,0.0,0.014098935760557652,0.4100862145423889,0.0003815803793258965,0.038167938590049744
355,3934,0.7793795875926961,0.9895636553324912,1,1,0.010591905564069748,0.010211259126663208,0.009956630878150463,0.0,0.014324657618999481,0.7151140570640564,0.0016942168585956097,0.038167938590049744
356,3280,0.7792813201337608,0.9896762728749293,1,1,0.010285734198987484,0.009996111504733562,0.009393828921020031,0.0,0.0074835484847426414,0.01762416958808899,0.006792130414396524,0.038167938590049744
357,266,0.7790058803702913,0.9896703540544877,1,1,0.005511101335287094,0.005502826068550348,0.0042706746608018875,0.0,0.005972948390990496,0.8240787386894226,0.00032052749884314835,0.038167938590049744
358,9930,0.778929719520153,0.9891013130698422,1,1,0.006504092365503311,0.00485738180577755,0.005586638115346432,0.0,0.009133054874837399,0.9657434821128845,0.00032052749884314835,0.038167938590049744
359,10615,0.7788822262843539,0.9892342572281059,1,1,0.029417363926768303,0.029417363926768303,0.028471162542700768,0.0,0.011581269092857838,0.929655909538269,0.0021826396696269512,0.038167938590049744
360,14826,0.7788734043211635,0.9895664434584891,1,1,0.01139457430690527,0.010616730898618698,0.010428391396999359,0.0,0.007240463513880968,0.4754558503627777,0.006792130414396524,0.038167938590049744
361,12321,0.7788279537438474,0.9893173215290376,1,1,0.020008772611618042,0.020008772611618042,0.019242864102125168,0.0,0.012900874018669128,0.47074082493782043,0.0021826396696269512,0.038167938590049744
362,4567,0.7787375672189047,0.9893089815635477,1,1,0.03819706290960312,0.03819706290960312,0.037111829966306686,0.0,0.018092477694153786,0.4144350290298462,0.0021826396696269512,0.038167938590049744
363,753,0.7787171095234355,0.9895507269724666,1,1,0.014307348057627678,0.01391842681914568,0.013532078824937344,0.0,0.013734308071434498,0.0158541239798069,0.006792130414396524,0.038167938590049744
364,8799,0.7787017279318464,0.9895538821094014,1,1,0.012519964016973972,0.01215586718171835,0.01177746057510376,0.0,0.01632142812013626,0.32310977578163147,0.006792130414396524,0.038167938590049744
365,6995,0.7786743904519549,0.9895555693992952,1,1,0.013165407814085484,0.012809586711227894,0.012530622072517872,0.0,0.01014012098312378,0.31207752227783203,0.006792130414396524,0.038167938590049744
366,881,0.7786494197824331,0.9895710842539374,1,1,0.011129776015877724,0.010873253457248211,0.010279414243996143,0.0,0.01800566166639328,0.15338368713855743,0.0027321153320372105,0.038167938590049744
367,7426,0.7785256690852742,0.9903960571777961,1,1,0.0,0.0,0.0,0.0,0.0,0.736354649066925,0.007845292799174786,0.1221374049782753
368,13950,0.778385036416463,0.9898116748354072,1,1,0.00710816215723753,0.005767623893916607,0.006406011525541544,0.0,0.0077613601461052895,0.46948957443237305,0.0016026375815272331,0.038167938590049744
369,16235,0.7778697134843379,0.9899235562181548,1,1,0.00022342301963362843,0.0,0.0,0.0,0.001736322185024619,0.35713741183280945,0.00032052749884314835,0.038167938590049744
370,3197,0.7778170228129558,0.9895618744455056,1,1,0.00846525002270937,0.00808460358530283,0.0072005558758974075,0.0,0.007101557683199644,0.10305943340063095,0.0027321153320372105,0.038167938590049744
371,8681,0.7777603875474995,0.9905842197785417,1,1,0.0,0.0,0.0,0.0,0.0,0.7689631581306458,0.007845292799174786,0.1221374049782753
372,6791,0.7777565239470158,0.9891287488901082,1,1,0.007141261827200651,0.006040696520358324,0.006074951495975256,0.0,0.0135259497910738,0.8228427767753601,0.00032052749884314835,0.038167938590049744
373,6412,0.7774022592426236,0.9895846586147758,1,1,0.009830612689256668,0.00982233788818121,0.008888961747288704,0.0,0.00862952135503292,0.7560082674026489,0.0027321153320372105,0.038167938590049744
374,18106,0.7772226782877054,0.9896260568445957,1,1,0.01966950111091137,0.01966950111091137,0.018771104514598846,0.0,0.023110447451472282,0.3531242907047272,0.10175985097885132,0.038167938590049744
375,19257,0.7772223163377454,0.9892052303569674,1,1,0.0243117343634367,0.0243117343634367,0.023389391601085663,0.0,0.03566405549645424,0.4160982668399811,0.12332677096128464,0.038167938590049744
376,19703,0.7771661764761405,0.989562745334148,1,1,0.009507890790700912,0.0092513682320714,0.009071044623851776,0.0,0.008125987835228443,0.026062410324811935,0.006792130414396524,0.038167938590049744
377,386,0.7771371753691737,0.9896288478363585,1,1,0.004236762411892414,0.004236762411892414,0.003327153390273452,0.0,0.005434688180685043,0.1747463196516037,0.00032052749884314835,0.038167938590049744
378,11340,0.777136354507027,0.9905487928810637,1,1,0.0,0.0,0.0,0.0,0.0,0.8514076471328735,0.007845292799174786,0.1221374049782753
379,21,0.7771326459096328,0.9895654951285544,1,1,0.00651236716657877,0.005593850277364254,0.005843209568411112,0.0,0.004375531803816557,0.10789654403924942,0.0027321153320372105,0.038167938590049744
380,7645,0.7771161839838571,0.9895652835251122,1,1,0.008432149887084961,0.008423875086009502,0.00776335783302784,0.0,0.008091261610388756,0.2994430363178253,0.0027321153320372105,0.038167938590049744
381,11123,0.776636078786939,0.9898521927703544,1,1,0.024228984490036964,0.01762559451162815,0.017090974375605583,0.0,0.01845710538327694,0.3011673092842102,0.38733458518981934,0.038167938590049744
382,3967,0.7764572731846395,0.990509998120743,1,1,0.0,0.0,0.0,0.0,0.0,0.6066681742668152,0.007845292799174786,0.1221374049782753
383,2276,0.7764231408459704,0.989620409630722,1,1,0.004245037212967873,0.004245037212967873,0.003393365303054452,0.0,0.004792249295860529,0.2584420442581177,0.00032052749884314835,0.038167938590049744
384,9063,0.7764126761858143,0.9895771155936964,1,1,0.009780962951481342,0.009772688150405884,0.008591008372604847,0.0,0.010018578730523586,0.6011139154434204,0.0027321153320372105,0.038167938590049744
385,16515,0.7763779080375585,0.989599361912182,1,1,0.008192176930606365,0.007877729833126068,0.007299873977899551,0.0,0.007605091203004122,0.8843976259231567,0.0027321153320372105,0.038167938590049744
386,1980,0.7757787915266383,0.9895758845820052,1,1,0.011874519288539886,0.011849694885313511,0.011794013902544975,0.0,0.016651328653097153,0.21255818009376526,0.0016942168585956097,0.038167938590049744
387,18236,0.7756429610134505,0.9896724191100807,1,1,0.0049484060145914555,0.004658783785998821,0.004278950858861208,0.0,0.003385828109458089,0.7548790574073792,0.0012210571439936757,0.038167938590049744
388,15760,0.7755833962626422,0.9896113429551889,1,1,0.008125977590680122,0.007588107604533434,0.0073412563651800156,0.0,0.004913791548460722,0.43270009756088257,0.006792130414396524,0.038167938590049744
389,12232,0.7755585549705064,0.9896073634847633,1,1,0.008200452663004398,0.007952204905450344,0.007357809226959944,0.0,0.006823746021836996,0.0156710147857666,0.006792130414396524,0.038167938590049744
390,17162,0.7753394845483909,0.9898786667480828,1,1,0.011766945943236351,0.011229075491428375,0.010602197609841824,0.0,0.014915007166564465,0.4721141457557678,0.02629851922392845,0.038167938590049744
391,15016,0.775257832570035,0.9897647284156997,1,1,0.0,0.0,0.0,0.0,0.0,0.963958203792572,0.007936871610581875,0.1221374049782753
392,14003,0.7752443680338856,0.9897639010268896,1,1,0.0,0.0,0.0,0.0,0.0,0.9850614070892334,0.007936871610581875,0.1221374049782753
393,18163,0.7750561819870908,0.9897524055124914,1,1,0.0,0.0,0.0,0.0,0.0,0.9835355281829834,0.007936871610581875,0.1221374049782753
394,2349,0.7748801258619886,0.9897412712026021,1,1,0.0,0.0,0.0,0.0,0.0,0.35683223605155945,0.0016942168585956097,0.1221374049782753
395,12445,0.7747885017874405,0.9892581848796007,1,1,0.007505358196794987,0.007505358196794987,0.006993643473833799,0.0,0.00791762862354517,0.9396353363990784,0.0012210571439936757,0.038167938590049744
396,11744,0.7747832999199253,0.9897353665241743,1,1,0.0,0.0,0.0,0.0,0.0,0.4571602940559387,0.0016942168585956097,0.1221374049782753
397,8316,0.7747635733294509,0.9895904916146008,1,1,0.006942663341760635,0.006934388540685177,0.0061742695979774,0.0,0.006268123164772987,0.01577782817184925,0.006792130414396524,0.038167938590049744
398,6645,0.7747312484781689,0.9896053351049438,1,1,0.005717974156141281,0.005502826068550348,0.004825199954211712,0.0,0.003733092686161399,0.7490348815917969,0.0027321153320372105,0.038167938590049744
399,6273,0.7746556456298384,0.9897275556951609,1,1,0.0,0.0,0.0,0.0,0.0,0.5901884436607361,0.0016942168585956097,0.1221374049782753
400,268,0.7745272888201042,0.992325727691911,1,1,0.0,0.0,0.0,0.0,0.0,0.8227817416191101,0.6899278163909912,0.038167938590049744
